talhao_id,timestamp,umidade_solo_pct,temperatura_c,umidade_ar_pct,luminosidade_pct,flag_anomalia,valor_imputado,hora,periodo_dia,risco_ambiental
T1,2026-08-01 06:00:00,53.0,26.8,56.5,2.8,False,False,6,manha,0.35
T1,2026-08-01 07:00:00,56.5,26.9,66.6,15.9,False,False,7,manha,0.35
T1,2026-08-01 08:00:00,61.0,26.8,53.4,35.8,False,False,8,manha,0.35
T1,2026-08-01 09:00:00,61.9,27.7,54.6,49.8,False,False,9,manha,0.35
T1,2026-08-01 10:00:00,59.8,25.7,50.4,62.7,False,False,10,manha,0.35
T1,2026-08-01 11:00:00,63.5,27.4,58.0,82.8,False,False,11,manha,0.35
T1,2026-08-01 12:00:00,61.8,25.5,48.7,97.2,False,False,12,tarde,0.35
T1,2026-08-01 13:00:00,62.1,25.7,48.4,79.1,False,False,13,tarde,0.35
T1,2026-08-01 14:00:00,52.8,24.1,65.8,60.2,False,False,14,tarde,0.35
T1,2026-08-01 15:00:00,52.7,26.4,64.5,47.0,False,False,15,tarde,0.35
T1,2026-08-01 16:00:00,54.0,24.8,67.1,27.8,False,False,16,tarde,0.35
T1,2026-08-01 17:00:00,60.2,25.2,64.7,16.2,False,False,17,tarde,0.35
T1,2026-08-01 18:00:00,58.5,25.6,57.3,1.0,False,False,18,noite,0.35
T1,2026-08-01 19:00:00,58.1,24.7,52.2,0.0,False,False,19,noite,0.35
T1,2026-08-01 20:00:00,59.4,25.7,50.2,2.6,False,False,20,noite,0.35
T1,2026-08-01 21:00:00,63.7,27.4,66.4,4.2,False,False,21,noite,0.35
T1,2026-08-01 22:00:00,55.1,27.1,53.9,3.1,False,False,22,noite,0.35
T1,2026-08-01 23:00:00,63.2,26.9,67.4,0.8,False,False,23,noite,0.35
T1,2026-08-02 00:00:00,59.5,28.8,66.8,2.9,False,False,0,madrugada,0.35
T1,2026-08-02 01:00:00,58.7,27.0,61.0,3.5,False,False,1,madrugada,0.35
T1,2026-08-02 02:00:00,60.6,25.8,52.8,2.9,False,False,2,madrugada,0.35
T1,2026-08-02 03:00:00,54.95,26.8,56.65,1.85,True,True,3,madrugada,0.35
T1,2026-08-02 04:00:00,49.3,27.8,60.5,0.8,False,False,4,madrugada,0.35
T1,2026-08-02 05:00:00,54.8,29.0,49.1,0.0,False,False,5,madrugada,0.35
T1,2026-08-02 06:00:00,51.8,25.3,52.6,3.0,False,False,6,manha,0.35
T1,2026-08-02 07:00:00,49.3,26.3,50.4,13.4,False,False,7,manha,0.35
T1,2026-08-02 08:00:00,54.7,25.950000000000003,52.0,32.45,True,True,8,manha,0.35
T1,2026-08-02 09:00:00,60.1,25.6,53.6,51.5,False,False,9,manha,0.35
T1,2026-08-02 10:00:00,63.3,26.1,62.4,60.4,False,False,10,manha,0.35
T1,2026-08-02 11:00:00,61.5,24.2,51.7,79.5,False,False,11,manha,0.35
T1,2026-08-02 12:00:00,63.6,26.0,48.7,96.8,False,False,12,tarde,0.35
T1,2026-08-02 13:00:00,62.9,26.7,61.4,78.1,False,False,13,tarde,0.35
T1,2026-08-02 14:00:00,51.3,25.6,57.6,59.1,False,False,14,tarde,0.35
T1,2026-08-02 15:00:00,57.6,23.1,63.7,47.3,False,False,15,tarde,0.0
T1,2026-08-02 16:00:00,59.7,25.2,66.3,35.2,False,False,16,tarde,0.35
T1,2026-08-02 17:00:00,53.9,26.0,65.0,11.6,False,False,17,tarde,0.35
T1,2026-08-02 18:00:00,60.1,23.9,52.9,0.0,False,False,18,noite,0.0
T1,2026-08-02 19:00:00,59.7,27.0,49.0,3.7,False,False,19,noite,0.35
T1,2026-08-02 20:00:00,61.2,26.6,51.7,0.0,False,False,20,noite,0.35
T1,2026-08-02 21:00:00,61.2,26.6,51.7,0.0,True,True,21,noite,0.35
T2,2026-08-01 06:00:00,77.9,30.7,88.9,0.0,False,False,6,manha,1.0
T2,2026-08-01 07:00:00,75.1,27.3,87.2,20.7,False,False,7,manha,1.0
T2,2026-08-01 08:00:00,71.55,28.1,81.9,33.1,True,True,8,manha,1.0
T2,2026-08-01 09:00:00,68.0,28.9,76.6,45.5,False,False,9,manha,0.75
T2,2026-08-01 10:00:00,72.85,27.65,77.19999999999999,63.1,True,True,10,manha,1.0
T2,2026-08-01 11:00:00,77.7,26.4,77.8,80.7,False,False,11,manha,1.0
T2,2026-08-01 12:00:00,76.75,27.049999999999997,84.69999999999999,82.15,True,True,12,tarde,1.0
T2,2026-08-01 13:00:00,75.8,27.7,91.6,83.6,False,False,13,tarde,1.0
T2,2026-08-01 14:00:00,65.6,28.2,86.7,64.9,False,False,14,tarde,0.75
T2,2026-08-01 15:00:00,79.4,27.5,80.1,47.9,False,False,15,tarde,1.0
T2,2026-08-01 16:00:00,74.3,25.2,75.7,30.0,False,False,16,tarde,1.0
T2,2026-08-01 17:00:00,76.4,26.8,85.1,11.2,False,False,17,tarde,1.0
T2,2026-08-01 18:00:00,80.7,26.8,80.6,0.5,False,False,18,noite,1.0
T2,2026-08-01 19:00:00,72.6,26.9,73.6,0.0,False,False,19,noite,0.6
T2,2026-08-01 20:00:00,66.1,27.8,79.2,0.0,False,False,20,noite,0.75
T2,2026-08-01 21:00:00,79.5,28.3,89.5,4.8,False,False,21,noite,1.0
T2,2026-08-01 22:00:00,72.6,29.5,81.2,0.0,False,False,22,noite,1.0
T2,2026-08-01 23:00:00,79.3,30.6,85.2,0.0,False,False,23,noite,1.0
T2,2026-08-02 00:00:00,75.2,27.4,74.4,2.5,False,False,0,madrugada,0.6
T2,2026-08-02 01:00:00,65.1,29.0,83.0,0.0,False,False,1,madrugada,0.75
T2,2026-08-02 02:00:00,74.3,30.4,81.1,0.0,False,False,2,madrugada,1.0
T2,2026-08-02 03:00:00,69.1,31.0,81.3,0.0,False,False,3,madrugada,0.75
T2,2026-08-02 04:00:00,78.8,30.5,90.7,0.0,False,False,4,madrugada,1.0
T2,2026-08-02 05:00:00,66.8,29.0,76.8,0.0,False,False,5,madrugada,0.75
T2,2026-08-02 06:00:00,68.4,27.8,76.6,0.0,False,False,6,manha,0.75
T2,2026-08-02 07:00:00,67.4,30.9,92.3,12.3,False,False,7,manha,0.75
T2,2026-08-02 08:00:00,75.8,30.2,82.6,35.8,False,False,8,manha,1.0
T2,2026-08-02 09:00:00,72.9,28.4,86.1,44.5,False,False,9,manha,1.0
T2,2026-08-02 10:00:00,68.4,27.5,91.9,67.3,False,False,10,manha,0.75
T2,2026-08-02 11:00:00,65.5,26.5,77.8,82.0,False,False,11,manha,0.75
T2,2026-08-02 12:00:00,74.3,28.6,88.8,90.7,False,False,12,tarde,1.0
T2,2026-08-02 13:00:00,72.25,27.200000000000003,82.19999999999999,77.80000000000001,True,True,13,tarde,1.0
T2,2026-08-02 14:00:00,70.2,25.8,75.6,64.9,False,False,14,tarde,1.0
T2,2026-08-02 15:00:00,73.0,28.5,82.7,48.2,False,False,15,tarde,1.0
T2,2026-08-02 16:00:00,77.8,28.2,92.5,34.1,False,False,16,tarde,1.0
T2,2026-08-02 17:00:00,68.2,27.6,84.6,19.1,False,False,17,tarde,0.75
T2,2026-08-02 18:00:00,77.6,27.2,84.4,3.5,False,False,18,noite,1.0
T2,2026-08-02 19:00:00,75.5,25.9,76.3,0.1,False,False,19,noite,1.0
T2,2026-08-02 20:00:00,66.0,29.6,91.5,0.0,False,False,20,noite,0.75
T2,2026-08-02 21:00:00,77.9,26.7,85.5,0.0,False,False,21,noite,1.0
T3,2026-08-01 06:00:00,25.3,32.4,42.8,2.2,False,False,6,manha,0.1
T3,2026-08-01 07:00:00,21.1,34.1,33.8,17.0,False,False,7,manha,0.1
T3,2026-08-01 08:00:00,19.4,31.8,28.6,27.0,False,False,8,manha,0.35
T3,2026-08-01 09:00:00,28.7,30.1,36.5,46.0,False,False,9,manha,0.35
T3,2026-08-01 10:00:00,31.1,31.4,43.2,64.4,False,False,10,manha,0.35
T3,2026-08-01 11:00:00,28.8,30.5,28.0,81.0,False,False,11,manha,0.35
T3,2026-08-01 12:00:00,31.3,29.4,43.8,98.0,False,False,12,tarde,0.35
T3,2026-08-01 13:00:00,32.6,31.4,41.7,79.4,False,False,13,tarde,0.35
T3,2026-08-01 14:00:00,21.7,31.5,34.4,65.9,False,False,14,tarde,0.35
T3,2026-08-01 15:00:00,31.3,28.5,26.4,51.8,False,False,15,tarde,0.35
T3,2026-08-01 16:00:00,33.1,32.2,38.9,32.4,False,False,16,tarde,0.1
T3,2026-08-01 17:00:00,20.1,31.9,43.3,18.6,False,False,17,tarde,0.35
T3,2026-08-01 18:00:00,25.4,30.1,27.8,0.0,False,False,18,noite,0.35
T3,2026-08-01 19:00:00,33.4,32.9,33.9,0.0,False,False,19,noite,0.1
T3,2026-08-01 20:00:00,29.433333333333334,33.0,32.63333333333333,0.0,True,True,20,noite,0.1
T3,2026-08-01 21:00:00,25.466666666666665,33.1,31.366666666666667,0.0,True,True,21,noite,0.1
T3,2026-08-01 22:00:00,21.5,33.2,30.1,0.0,False,False,22,noite,0.1
T3,2026-08-01 23:00:00,20.9,30.2,38.7,2.3,False,False,23,noite,0.35
T3,2026-08-02 00:00:00,30.6,31.6,39.3,4.3,False,False,0,madrugada,0.35
T3,2026-08-02 01:00:00,20.9,32.5,35.1,2.1,False,False,1,madrugada,0.1
T3,2026-08-02 02:00:00,19.1,31.7,32.2,4.6,False,False,2,madrugada,0.35
T3,2026-08-02 03:00:00,32.7,33.4,32.1,0.9,False,False,3,madrugada,0.1
T3,2026-08-02 04:00:00,27.2,32.1,33.1,0.0,False,False,4,madrugada,0.1
T3,2026-08-02 05:00:00,22.2,32.7,30.3,0.0,False,False,5,madrugada,0.1
T3,2026-08-02 06:00:00,29.3,33.9,37.6,0.0,False,False,6,manha,0.1
T3,2026-08-02 07:00:00,20.8,31.4,33.9,20.1,False,False,7,manha,0.35
T3,2026-08-02 08:00:00,23.4,31.3,30.5,33.0,False,False,8,manha,0.35
T3,2026-08-02 09:00:00,27.1,31.2,25.7,52.1,False,False,9,manha,0.35
T3,2026-08-02 10:00:00,25.7,30.9,44.6,59.2,False,False,10,manha,0.35
T3,2026-08-02 11:00:00,20.4,29.6,37.6,75.7,False,False,11,manha,0.35
T3,2026-08-02 12:00:00,33.5,29.7,34.0,91.7,False,False,12,tarde,0.35
T3,2026-08-02 13:00:00,24.1,30.8,32.6,80.5,False,False,13,tarde,0.35
T3,2026-08-02 14:00:00,30.7,29.6,42.1,62.8,False,False,14,tarde,0.35
T3,2026-08-02 15:00:00,22.1,28.6,45.1,45.5,False,False,15,tarde,0.35
T3,2026-08-02 16:00:00,25.4,31.4,27.4,31.6,False,False,16,tarde,0.35
T3,2026-08-02 17:00:00,27.3,30.3,38.2,11.0,False,False,17,tarde,0.35
T3,2026-08-02 18:00:00,29.3,28.9,33.5,3.9,False,False,18,noite,0.35
T3,2026-08-02 19:00:00,25.8,32.2,32.6,3.7,False,False,19,noite,0.1
T3,2026-08-02 20:00:00,21.8,29.8,26.9,0.0,False,False,20,noite,0.35
T3,2026-08-02 21:00:00,20.5,33.1,43.4,2.6,False,False,21,noite,0.1
T4,2026-08-01 06:00:00,54.0,24.5,48.5,4.6,False,False,6,manha,0.35
T4,2026-08-01 07:00:00,57.5,27.0,51.9,15.3,False,False,7,manha,0.35
T4,2026-08-01 08:00:00,47.8,23.7,48.8,30.7,False,False,8,manha,0.0
T4,2026-08-01 09:00:00,54.6,24.1,59.0,49.9,False,False,9,manha,0.35
T4,2026-08-01 10:00:00,53.4,24.7,56.2,67.9,False,False,10,manha,0.35
T4,2026-08-01 11:00:00,47.9,24.4,64.1,76.3,False,False,11,manha,0.35
T4,2026-08-01 12:00:00,51.9,26.1,63.3,99.8,False,False,12,tarde,0.35
T4,2026-08-01 13:00:00,46.9,25.7,64.8,78.1,False,False,13,tarde,0.35
T4,2026-08-01 14:00:00,47.5,21.7,51.8,64.7,False,False,14,tarde,0.0
T4,2026-08-01 15:00:00,60.0,22.0,57.8,44.4,False,False,15,tarde,0.0
T4,2026-08-01 16:00:00,57.1,23.2,53.0,33.1,False,False,16,tarde,0.0
T4,2026-08-01 17:00:00,48.0,25.6,49.3,14.0,False,False,17,tarde,0.35
T4,2026-08-01 18:00:00,48.6,23.6,66.0,0.0,False,False,18,noite,0.0
T4,2026-08-01 19:00:00,57.3,25.6,55.1,0.0,False,False,19,noite,0.35
T4,2026-08-01 20:00:00,88.1,19.8,84.0,3.7,False,False,20,noite,0.65
T4,2026-08-01 21:00:00,85.5,22.6,76.0,0.0,False,False,21,noite,0.65
T4,2026-08-01 22:00:00,87.5,23.2,86.8,3.8,False,False,22,noite,0.65
T4,2026-08-01 23:00:00,74.5,23.2,84.7,1.5,False,False,23,noite,0.65
T4,2026-08-02 00:00:00,85.4,22.4,80.4,0.0,False,False,0,madrugada,0.65
T4,2026-08-02 01:00:00,79.0,21.1,72.4,0.0,False,False,1,madrugada,0.25
T4,2026-08-02 02:00:00,73.7,21.4,79.9,0.0,False,False,2,madrugada,0.65
T4,2026-08-02 03:00:00,82.5,22.3,75.2,1.1,False,False,3,madrugada,0.65
T4,2026-08-02 04:00:00,75.0,22.4,82.1,3.9,False,False,4,madrugada,0.65
T4,2026-08-02 05:00:00,82.0,21.7,72.9,3.7,False,False,5,madrugada,0.25
T4,2026-08-02 06:00:00,87.0,21.7,85.9,0.0,False,False,6,manha,0.65
T4,2026-08-02 07:00:00,79.8,22.3,88.8,13.2,False,False,7,manha,0.65
T4,2026-08-02 08:00:00,54.4,23.2,56.3,31.0,False,False,8,manha,0.0
T4,2026-08-02 09:00:00,52.2,24.9,55.1,43.4,False,False,9,manha,0.35
T4,2026-08-02 10:00:00,58.8,23.3,64.0,60.5,False,False,10,manha,0.0
T4,2026-08-02 11:00:00,58.7,24.6,64.1,78.1,False,False,11,manha,0.35
T4,2026-08-02 12:00:00,49.6,23.0,63.2,92.8,False,False,12,tarde,0.0
T4,2026-08-02 13:00:00,61.5,22.3,64.3,80.3,False,False,13,tarde,0.0
T4,2026-08-02 14:00:00,57.0,24.8,56.6,63.0,False,False,14,tarde,0.35
T4,2026-08-02 15:00:00,50.0,21.5,58.6,49.6,False,False,15,tarde,0.0
T4,2026-08-02 16:00:00,54.7,21.95,58.900000000000006,30.8,True,True,16,tarde,0.0
T4,2026-08-02 17:00:00,59.4,22.4,59.2,12.0,False,False,17,tarde,0.0
T4,2026-08-02 18:00:00,51.4,24.9,60.4,1.6,False,False,18,noite,0.35
T4,2026-08-02 19:00:00,58.9,23.4,56.7,1.7,False,False,19,noite,0.0
T4,2026-08-02 20:00:00,55.7,23.8,49.8,3.1,False,False,20,noite,0.0
T4,2026-08-02 21:00:00,50.9,25.3,46.8,0.0,False,False,21,noite,0.35
