imagem,classe_prevista,prob_doente,area_infectada_pct,talhao_id,data_captura,equipamento,umidade_ar_pct,temperatura_c,umidade_solo_pct,luminosidade_pct
applehealthy10.JPG,Apple___healthy,0.25,0.0,T3,2026-08-01T12:00:00,drone,43.8,29.4,31.3,98.0
applerot10.JPG,Apple___Black_rot,0.945,3.02,T3,2026-08-01T12:00:00,drone,43.8,29.4,31.3,98.0
applehealthy8.JPG,Apple___healthy,0.455,0.0,T3,2026-08-01T08:00:00,drone,28.6,31.8,19.4,27.0
applehealthy9.JPG,Apple___healthy,0.015,0.0,T2,2026-08-01T19:00:00,camera_manual,73.6,26.9,72.6,0.0
applerot8.JPG,Apple___Black_rot,0.975,1.8,T4,2026-08-02T13:00:00,camera_manual,64.3,22.3,61.5,80.3
applerot9.JPG,Apple___Black_rot,0.97,0.87,T4,2026-08-02T13:00:00,camera_manual,64.3,22.3,61.5,80.3
applerot7.JPG,Apple___Black_rot,0.97,9.09,T2,2026-08-01T11:00:00,camera_manual,77.8,26.4,77.7,80.7
applehealthy2.JPG,Apple___healthy,0.195,0.0,T2,2026-08-02T03:00:00,camera_manual,81.3,31.0,69.1,0.0
applehealthy3.JPG,Apple___healthy,0.405,0.0,T1,2026-08-02T14:00:00,drone,57.6,25.6,51.3,59.1
applerot6.JPG,Apple___Black_rot,0.92,3.21,T1,2026-08-02T14:00:00,drone,57.6,25.6,51.3,59.1
applerot4.JPG,Apple___Black_rot,0.865,22.95,T1,2026-08-02T18:00:00,drone,52.9,23.9,60.1,0.0
applehealthy1.JPG,Apple___healthy,0.0,0.0,T3,2026-08-02T04:00:00,drone,33.1,32.1,27.2,0.0
applerot5.JPG,Apple___Black_rot,0.93,5.31,T1,2026-08-02T02:00:00,drone,52.8,25.8,60.6,2.9
applerot1.JPG,Apple___healthy,0.0,0.0,T4,2026-08-02T17:00:00,camera_manual,59.2,22.4,59.4,12.0
applehealthy4.JPG,Apple___healthy,0.0,0.0,T1,2026-08-01T14:00:00,drone,65.8,24.1,52.8,60.2
applehealthy5.JPG,Apple___healthy,0.0,0.0,T3,2026-08-01T08:00:00,drone,28.6,31.8,19.4,27.0
applerot2.JPG,Apple___Black_rot,0.92,2.51,T4,2026-08-01T13:00:00,camera_manual,64.8,25.7,46.9,78.1
applehealthy7.JPG,Apple___healthy,0.03,0.0,T4,2026-08-01T17:00:00,camera_manual,49.3,25.6,48.0,14.0
applehealthy6.JPG,Apple___healthy,0.0,0.0,T3,2026-08-01T08:00:00,drone,28.6,31.8,19.4,27.0
applerot3.JPG,Apple___Black_rot,0.535,17.77,T1,2026-08-01T10:00:00,drone,50.4,25.7,59.8,62.7
